Title,ASIN,Amazon_US_URL,Amazon_UK_URL,Amazon_CA_URL,Amazon_AU_URL,Category,Age_Range,Description,Cover_Filename
Dinosaur Kids Coloring Book,B0BHT3PBZX,https://www.amazon.com/dp/B0BHT3PBZX,https://www.amazon.co.uk/dp/B0BHT3PBZX,https://www.amazon.ca/dp/B0BHT3PBZX,https://www.amazon.com.au/dp/B0BHT3PBZX,Coloring Book,1-4,"Build your Kids Creativity and ImaginationBetween the ages of 1 and 4 your child starts developing their creativity and imagination, with this book they can start seeing real world creations infront of their eyes. They start using different colors which help stimulate their creativity.70+ Amazing Di",dinosaur_kids_coloring.jpg
Dinosaur Toddler Coloring Book,B0BHKLZ76D,https://www.amazon.com/dp/B0BHKLZ76D,https://www.amazon.co.uk/dp/B0BHKLZ76D,https://www.amazon.ca/dp/B0BHKLZ76D,https://www.amazon.com.au/dp/B0BHKLZ76D,Coloring Book,1-3,Simple dinosaur designs for toddlers,dinosaur_toddler_coloring.jpg
Birds Coloring Book,B0B5NP9T92,https://www.amazon.com/dp/B0B5NP9T92,https://www.amazon.co.uk/dp/B0B5NP9T92,https://www.amazon.ca/dp/B0B5NP9T92,https://www.amazon.com.au/dp/B0B5NP9T92,Coloring Book,2-6,Beautiful bird illustrations to color,birds_coloring.jpg
Sermon Notes Journal For Women,B0BKS5ZGGL,https://www.amazon.com/dp/B0BKS5ZGGL,https://www.amazon.co.uk/dp/B0BKS5ZGGL,https://www.amazon.ca/dp/B0BKS5ZGGL,https://www.amazon.com.au/dp/B0BKS5ZGGL,Journal,Adult,Organized sermon notes journal for women,sermon_notes_journal_women.jpg
Prayer Journal For Women,B0BKMLT5H7,https://www.amazon.com/dp/B0BKMLT5H7,https://www.amazon.co.uk/dp/B0BKMLT5H7,https://www.amazon.ca/dp/B0BKMLT5H7,https://www.amazon.com.au/dp/B0BKMLT5H7,Journal,Adult,Guided prayer journal for spiritual reflection,prayer_journal_women.jpg
Spider Coloring Book For Kids,B0CLYGP96Q,https://www.amazon.com/dp/B0CLYGP96Q,https://www.amazon.co.uk/dp/B0CLYGP96Q,https://www.amazon.ca/dp/B0CLYGP96Q,https://www.amazon.com.au/dp/B0CLYGP96Q,Coloring Book,2-6,Spider-themed coloring book for children,spider_coloring_kids.jpg
Spider Coloring Book For Toddlers,B0CLYFWRS3,https://www.amazon.com/dp/B0CLYFWRS3,https://www.amazon.co.uk/dp/B0CLYFWRS3,https://www.amazon.ca/dp/B0CLYFWRS3,https://www.amazon.com.au/dp/B0CLYFWRS3,Coloring Book,1-3,Simple spider designs for toddlers,spider_coloring_toddler.jpg
Cute Pumpkin Toddler Coloring Book,B0CJLCR92N,https://www.amazon.com/dp/B0CJLCR92N,https://www.amazon.co.uk/dp/B0CJLCR92N,https://www.amazon.ca/dp/B0CJLCR92N,https://www.amazon.com.au/dp/B0CJLCR92N,Coloring Book,1-3,Adorable pumpkin designs for toddlers,cute_pumpkin_toddler.jpg
Dinosaur Kids Coloring Book (Ages 1-4),B0BHMP6L68,https://www.amazon.com/dp/B0BHMP6L68,https://www.amazon.co.uk/dp/B0BHMP6L68,https://www.amazon.ca/dp/B0BHMP6L68,https://www.amazon.com.au/dp/B0BHMP6L68,Coloring Book,1-4,Fun dinosaur coloring book for young children,dinosaur_kids_coloring.jpg
Kids Recipe Book: Kids Cookbook,B09M5L9V95,https://www.amazon.com/dp/B09M5L9V95,https://www.amazon.co.uk/dp/B09M5L9V95,https://www.amazon.ca/dp/B09M5L9V95,https://www.amazon.com.au/dp/B09M5L9V95,Cookbook,2-6,"Have you ever just wanted a place to write all those personal, family recipes from Mom or Grandma? Now you can do that in one easy to find kids book.Simple book for all those kids and young ones who love cooking and would like to save their recipes for later reading.Can be personalized to reflect th",kids_recipe_book.jpg
Sermon Notes Journal For Men,B0BKMZWKPB,https://www.amazon.com/dp/B0BKMZWKPB,https://www.amazon.co.uk/dp/B0BKMZWKPB,https://www.amazon.ca/dp/B0BKMZWKPB,https://www.amazon.com.au/dp/B0BKMZWKPB,Journal,Adult,When you attend a great sermon it becomes an experience. This Sermon Notes Journal provides a space to record your personal and heartfelt understanding of the sermon. It is a private collection of your thoughts as you were experiencing the word. It also gives you the ability to refer back to previou,sermon_notes_men.jpg
Prayer Journal for Teen Boys,B0BMZP8RZ8,https://www.amazon.com/dp/B0BMZP8RZ8,https://www.amazon.co.uk/dp/B0BMZP8RZ8,https://www.amazon.ca/dp/B0BMZP8RZ8,https://www.amazon.com.au/dp/B0BMZP8RZ8,Journal,12-18,A prayer journal embodies a personal note taking process that is not usually shared with others. It is a communication between you and God recorded for your future reference. This Prayer Journal provides a space to record and share your personal communication with God and also helps keep track of th,prayer_teen_boys.jpg
Owl Coloring Book For Toddlers,B0BW2X99Z8,https://www.amazon.com/dp/B0BW2X99Z8,https://www.amazon.co.uk/dp/B0BW2X99Z8,https://www.amazon.ca/dp/B0BW2X99Z8,https://www.amazon.com.au/dp/B0BW2X99Z8,Coloring Book,1-3,This is your Childs first experience expressing their creativity.Toddlers and Preschoolers will love this book full of Owl coloring pagesStart showing creativity at an early age with a love for coloringProduce creative leaders for tomorrow new ageUse as a learning and teaching tool for Preschoolers ,owl_toddler_coloring.jpg
First Fun and Creative Toddler Coloring Book,B0B37Z74K3,https://www.amazon.com/dp/B0B37Z74K3,https://www.amazon.co.uk/dp/B0B37Z74K3,https://www.amazon.ca/dp/B0B37Z74K3,https://www.amazon.com.au/dp/B0B37Z74K3,Coloring Book,1-3,This is your Childs first experience expressing their creativity.Toddlers and Preschoolers will love this book full of animalsThey start showing creativity at an early age with a love for jungle animalsProduce creative leaders for tomorrow new ageUse as a learning and teaching tool for Preschoolers ,toddler_coloring.jpg
Recipe Book To Write In Your Own Recipes,B09LGLVF6W,https://www.amazon.com/dp/B09LGLVF6W,https://www.amazon.co.uk/dp/B09LGLVF6W,https://www.amazon.ca/dp/B09LGLVF6W,https://www.amazon.com.au/dp/B09LGLVF6W,Cookbook,Adult,"Have you ever just wanted a place to document those personal, family recipes from Mom or Grandma? Now you can do that in one easy to find book.Simple book for all those who love cooking and would like to document their recipes for later use.Can be personalized to reflect the users taste and personal",recipe_book.jpg
Recipe Book (Write Your Own),B0B32JFG3H,https://www.amazon.com/dp/B0B32JFG3H,https://www.amazon.co.uk/dp/B0B32JFG3H,https://www.amazon.ca/dp/B0B32JFG3H,https://www.amazon.com.au/dp/B0B32JFG3H,Cookbook,All ages,Blank recipe book to record your favorite recipes,recipe_book_write_your_own.jpg
Cute Pumpkin Coloring Book For Kids,B0CJKKYNYR,https://www.amazon.com/dp/B0CJKKYNYR,https://www.amazon.co.uk/dp/B0CJKKYNYR,https://www.amazon.ca/dp/B0CJKKYNYR,https://www.amazon.com.au/dp/B0CJKKYNYR,Coloring Book,1-4,"Build your Kids Creativity and ImaginationBetween the ages of 1 and 4 your child starts developing their creativity and imagination, with this book they can start seeing real world creations infront of their eyes. They start using different colors which help stimulate their creativity.70+ Amazing Pu",pumpkin_kids_coloring.jpg
Cute Bunny Coloring Book For Kids,B0BMYM12JL,https://www.amazon.com/dp/B0BMYM12JL,https://www.amazon.co.uk/dp/B0BMYM12JL,https://www.amazon.ca/dp/B0BMYM12JL,https://www.amazon.com.au/dp/B0BMYM12JL,Coloring Book,1-4,"Build your Kids Creativity and ImaginationBetween the ages of 1 and 4 your child starts developing their creativity and imagination, with this book they can start seeing real world creations infront of their eyes. They start using different colors which help stimulate their creativity.70+ Amazing Bu",cute_bunny_kids_coloring.jpg
Christmas Kids Coloring Book,B0BHTCGFJW,https://www.amazon.com/dp/B0BHTCGFJW,https://www.amazon.co.uk/dp/B0BHTCGFJW,https://www.amazon.ca/dp/B0BHTCGFJW,https://www.amazon.com.au/dp/B0BHTCGFJW,Coloring Book,1-4,"Build your Kids Creativity and ImaginationBetween the ages of 1 and 4 your child starts developing their creativity and imagination, with this book they can start seeing real world creations infront of their eyes. They start using different colors which help stimulate their creativity.70+ Amazing Ch",christmas_kids_coloring.jpg
Prayer Journal For Teen Girls,B0BN4WPYZ3,https://www.amazon.com/dp/B0BN4WPYZ3,https://www.amazon.co.uk/dp/B0BN4WPYZ3,https://www.amazon.ca/dp/B0BN4WPYZ3,https://www.amazon.com.au/dp/B0BN4WPYZ3,Journal,12-18,A prayer Journal embodies a personal note taking process that is not usually shared with others. It is a communication between you and God recorded for your future reference. This Prayer Journal provides a space to record and share your personal communication with God and also helps keep track of th,prayer_teen_girls.jpg
Butterfly Coloring Book For Toddlers,B0BW2RSL7C,https://www.amazon.com/dp/B0BW2RSL7C,https://www.amazon.co.uk/dp/B0BW2RSL7C,https://www.amazon.ca/dp/B0BW2RSL7C,https://www.amazon.com.au/dp/B0BW2RSL7C,Coloring Book,1-3,This is your Childs first experience expressing their creativity.Toddlers and Preschoolers will love this book full of Butterfly coloring pagesStart showing creativity at an early age with a love for coloringProduce creative leaders for tomorrow new ageUse as a learning and teaching tool for Prescho,butterfly_toddler_coloring.jpg
Cute Farm Animals Coloring Book For Toddlers,B0BNJHYTJP,https://www.amazon.com/dp/B0BNJHYTJP,https://www.amazon.co.uk/dp/B0BNJHYTJP,https://www.amazon.ca/dp/B0BNJHYTJP,https://www.amazon.com.au/dp/B0BNJHYTJP,Coloring Book,1-3,This is your Childs first experience expressing their creativity.Toddlers and Preschoolers will love this book full of Farm Animal coloring pagesStart showing creativity at an early age with a love for coloringProduce creative leaders for tomorrow new ageUse as a learning and teaching tool for Presc,cute_farm_animals_toddler_coloring.jpg
Cute Kitty Coloring Book For Kids,B0BMZ7HM27,https://www.amazon.com/dp/B0BMZ7HM27,https://www.amazon.co.uk/dp/B0BMZ7HM27,https://www.amazon.ca/dp/B0BMZ7HM27,https://www.amazon.com.au/dp/B0BMZ7HM27,Coloring Book,1-4,"Build your Kids Creativity and ImaginationBetween the ages of 1 and 4 your child starts developing their creativity and imagination, with this book they can start seeing real world creations infront of their eyes. They start using different colors which help stimulate their creativity.70+ Amazing Ki",cute_kitty_kids_coloring.jpg
First ABC Toddler Coloring Book,B0BJN7CN2X,https://www.amazon.com/dp/B0BJN7CN2X,https://www.amazon.co.uk/dp/B0BJN7CN2X,https://www.amazon.ca/dp/B0BJN7CN2X,https://www.amazon.com.au/dp/B0BJN7CN2X,Coloring Book,1-3,This is your Childs first experience expressing their creativity.Toddlers and Preschoolers will love this book full of ABC coloring pagesStart showing creativity at an early age with a love for coloringProduce creative leaders for tomorrow new ageUse as a learning and teaching tool for Preschoolers ,first_abc_toddler_coloring.jpg
Dinosaur Kids Coloring Story Book,B0F9PSYL9F,https://www.amazon.com/dp/B0F9PSYL9F,https://www.amazon.co.uk/dp/B0F9PSYL9F,https://www.amazon.ca/dp/B0F9PSYL9F,https://www.amazon.com.au/dp/B0F9PSYL9F,Coloring Book,1-4,"Build your Kids Creativity and ImaginationBetween the ages of 1 and 4 your child starts developing their creativity and imagination, with this book they can start seeing real world creations infront of their eyes. They start using different colors which help stimulate their creativity.70+ Amazing Di",dinosaur_kids_coloring_1.jpg
Fun Thanksgiving Coloring Book for Kids Ages 1-4,B0BCDB8TY1,https://www.amazon.com/dp/B0BCDB8TY1,https://www.amazon.co.uk/dp/B0BCDB8TY1,https://www.amazon.ca/dp/B0BCDB8TY1,https://www.amazon.com.au/dp/B0BCDB8TY1,Coloring Book,1-4,"Build your Kids Creativity and ImaginationBetween the ages of 1 and 4 your child starts developing their creativity and imagination, with this book they can start seeing real world creations infront of their eyes. They start using different colors which help stimulate their creativity.70+ Amazing Th",fun_thanksgiving_kids_coloring.jpg
Sea Turtle Toddler Coloring Book,B0CJL27B23,https://www.amazon.com/dp/B0CJL27B23,https://www.amazon.co.uk/dp/B0CJL27B23,https://www.amazon.ca/dp/B0CJL27B23,https://www.amazon.com.au/dp/B0CJL27B23,Coloring Book,1-3,This is your Childs first experience expressing their creativity.Toddlers and Preschoolers will love this book full of Sea Turtle coloring pagesStart showing creativity at an early age with a love for coloringProduce creative leaders for tomorrow new ageUse as a learning and teaching tool for Presch,sea_turtle_toddler_coloring.jpg
Christmas Toddler Coloring Book,B0BHS1M1KB,https://www.amazon.com/dp/B0BHS1M1KB,https://www.amazon.co.uk/dp/B0BHS1M1KB,https://www.amazon.ca/dp/B0BHS1M1KB,https://www.amazon.com.au/dp/B0BHS1M1KB,Coloring Book,1-3,This is your Childs first experience expressing their creativity.Toddlers and Preschoolers will love this book full of Christmas Coloring pagesStart showing creativity at an early age with a love for coloringProduce creative leaders for tomorrow new ageUse as a learning and teaching tool for Prescho,christmas_toddler_coloring.jpg
Prayer Journal For Men,B0BKMSW61T,https://www.amazon.com/dp/B0BKMSW61T,https://www.amazon.co.uk/dp/B0BKMSW61T,https://www.amazon.ca/dp/B0BKMSW61T,https://www.amazon.com.au/dp/B0BKMSW61T,Journal,Adult,A prayer journal embodies a personal note taking process that is not usually shared with others. It is a communication between you and God recorded for your future reference. This Prayer Journal provides a space to record and share your personal communication with God and also helps keep track of th,prayer_men.jpg
Cute Fox Coloring Book For Kids,B0BW31WZWN,https://www.amazon.com/dp/B0BW31WZWN,https://www.amazon.co.uk/dp/B0BW31WZWN,https://www.amazon.ca/dp/B0BW31WZWN,https://www.amazon.com.au/dp/B0BW31WZWN,Coloring Book,1-4,"Build your Kids Creativity and ImaginationBetween the ages of 1 and 4 your child starts developing their creativity and imagination, with this book they can start seeing real world creations in front of their eyes. They start using different colors which help stimulate their creativity.70+ Amazing C",cute_fox_kids_coloring.jpg
Cute Kitty Coloring Book For Toddlers,B0BMYKMXDL,https://www.amazon.com/dp/B0BMYKMXDL,https://www.amazon.co.uk/dp/B0BMYKMXDL,https://www.amazon.ca/dp/B0BMYKMXDL,https://www.amazon.com.au/dp/B0BMYKMXDL,Coloring Book,1-3,This is your Childs first experience expressing their creativity.Toddlers and Preschoolers will love this book full of Kitty Cat coloring pagesStart showing creativity at an early age with a love for coloringProduce creative leaders for tomorrow new ageUse as a learning and teaching tool for Prescho,cute_kitty_toddler_coloring.jpg
Daily Gratitude Journal For Teen Girls,B0BN3MFJY4,https://www.amazon.com/dp/B0BN3MFJY4,https://www.amazon.co.uk/dp/B0BN3MFJY4,https://www.amazon.ca/dp/B0BN3MFJY4,https://www.amazon.com.au/dp/B0BN3MFJY4,Journal,12-18,"Daily expressions of gratitude can improve one’s outlook on life. This beautiful gratitude Journal starts of with an inspiring bible verse designed to be a constant daily reminder to be grateful, It also provides space to record what you are thankful for on a daily basis in addition your prayers and",gratitude_teen_girls.jpg
First ABC Kids Coloring Book,B0BJH5VGCR,https://www.amazon.com/dp/B0BJH5VGCR,https://www.amazon.co.uk/dp/B0BJH5VGCR,https://www.amazon.ca/dp/B0BJH5VGCR,https://www.amazon.com.au/dp/B0BJH5VGCR,Coloring Book,1-4,"Build your Kids Creativity and ImaginationBetween the ages of 1 and 4 your child starts developing their creativity and imagination, with this book they can start seeing real world creations infront of their eyes. They start using different colors which help stimulate their creativity.70+ Amazing AB",first_abc_kids_coloring.jpg
Daily Gratitude Journal For Women,B0BKS5QH2X,https://www.amazon.com/dp/B0BKS5QH2X,https://www.amazon.co.uk/dp/B0BKS5QH2X,https://www.amazon.ca/dp/B0BKS5QH2X,https://www.amazon.com.au/dp/B0BKS5QH2X,Journal,Adult,"Daily expressions of gratitude can improve one’s outlook on life. This beautiful gratitude Journal starts of with an inspiring bible verse designed to be a constant daily reminder to be grateful, It also provides space to record what you are thankful for on a daily basis in addition your prayers and",gratitude_men.jpg
Panda Coloring Book For Toddlers,B0CMC5SXHR,https://www.amazon.com/dp/B0CMC5SXHR,https://www.amazon.co.uk/dp/B0CMC5SXHR,https://www.amazon.ca/dp/B0CMC5SXHR,https://www.amazon.com.au/dp/B0CMC5SXHR,Coloring Book,1-3,This is your Childs first experience expressing their creativity.Toddlers and Preschoolers will love this book full of Panda coloring pagesStart showing creativity at an early age with a love for coloringProduce creative leaders for tomorrow new ageUse as a learning and teaching tool for Preschooler,panda_toddler_coloring.jpg
Prayer Journal For Kids,B0BKMSWLXZ,https://www.amazon.com/dp/B0BKMSWLXZ,https://www.amazon.co.uk/dp/B0BKMSWLXZ,https://www.amazon.ca/dp/B0BKMSWLXZ,https://www.amazon.com.au/dp/B0BKMSWLXZ,Journal,2-6,A prayer journal embodies a personal note taking process that is not usually shared with others. It is a communication between you and God recorded for your future reference. This Prayer Journal provides a space to record and share your personal communication with God and also helps keep track of th,prayer_kids.jpg
Llama Coloring Book For Toddlers,B0CM9KSL3C,https://www.amazon.com/dp/B0CM9KSL3C,https://www.amazon.co.uk/dp/B0CM9KSL3C,https://www.amazon.ca/dp/B0CM9KSL3C,https://www.amazon.com.au/dp/B0CM9KSL3C,Coloring Book,1-3,This is your Childs first experience expressing their creativity.Toddlers and Preschoolers will love this book full of Cute Llama coloring pagesStart showing creativity at an early age with a love for coloringProduce creative leaders for tomorrow new ageUse as a learning and teaching tool for Presch,llama_toddler_coloring.jpg
Fun Animal Coloring Book for African American Boys ages 1-4,B0B2TSK344,https://www.amazon.com/dp/B0B2TSK344,https://www.amazon.co.uk/dp/B0B2TSK344,https://www.amazon.ca/dp/B0B2TSK344,https://www.amazon.com.au/dp/B0B2TSK344,Coloring Book,1-4,"Build your Kids Creativity and ImaginationBetween the ages of 1 and 4 your child starts developing their creativity and imagination, with this book they can start seeing real world animals right in front of their eyes. They start using different colors which help stimulate their creativity.70 Amazin",fun_animal_african_american_coloring.jpg
Fun Toddler Coloring Book,B0BCH39QZH,https://www.amazon.com/dp/B0BCH39QZH,https://www.amazon.co.uk/dp/B0BCH39QZH,https://www.amazon.ca/dp/B0BCH39QZH,https://www.amazon.com.au/dp/B0BCH39QZH,Coloring Book,1-3,This is your Childs first experience expressing their creativity.Toddlers and Preschoolers will love this book full of Sea animals coloring pagesStart showing creativity at an early age with a love for coloringProduce creative leaders for tomorrow new ageUse as a learning and teaching tool for Presc,toddler_coloring_1.jpg
Daily Gratitude Journal For Teen Boys,B0BMSRJWN6,https://www.amazon.com/dp/B0BMSRJWN6,https://www.amazon.co.uk/dp/B0BMSRJWN6,https://www.amazon.ca/dp/B0BMSRJWN6,https://www.amazon.com.au/dp/B0BMSRJWN6,Journal,12-18,"Daily expressions of gratitude can improve one’s outlook on life. This beautiful gratitude Journal starts of with an inspiring bible verse designed to be a constant daily reminder to be grateful, It also provides space to record what you are thankful for on a daily basis in addition your prayers and",gratitude_teen_boys.jpg
Owl Coloring Book For Kids,B0BW3BDFG9,https://www.amazon.com/dp/B0BW3BDFG9,https://www.amazon.co.uk/dp/B0BW3BDFG9,https://www.amazon.ca/dp/B0BW3BDFG9,https://www.amazon.com.au/dp/B0BW3BDFG9,Coloring Book,1-4,"Build your Kids Creativity and ImaginationBetween the ages of 1 and 4 your child starts developing their creativity and imagination, with this book they can start seeing real world creations in front of their eyes. They start using different colors which help stimulate their creativity.70+ Amazing O",owl_kids_coloring.jpg
Fun Animal Coloring Book for African American Girls ages 1-4,B0B2V2CYS7,https://www.amazon.com/dp/B0B2V2CYS7,https://www.amazon.co.uk/dp/B0B2V2CYS7,https://www.amazon.ca/dp/B0B2V2CYS7,https://www.amazon.com.au/dp/B0B2V2CYS7,Coloring Book,1-4,"Build your Kids Creativity and ImaginationBetween the ages of 1 and 4 your child starts developing their creativity and imagination, with this book they can start seeing real world animals right infront of their eyes. They start using different colors which help stimulate their creativity.70 Amazing",fun_animal_african_american_coloring_1.jpg
Easter Egg Coloring Book For Toddlers,B0BR9KT6TP,https://www.amazon.com/dp/B0BR9KT6TP,https://www.amazon.co.uk/dp/B0BR9KT6TP,https://www.amazon.ca/dp/B0BR9KT6TP,https://www.amazon.com.au/dp/B0BR9KT6TP,Coloring Book,1-3,This is your Childs first experience expressing their creativity.Toddlers and Preschoolers will love this book full of Easter Egg coloring pagesStart showing creativity at an early age with a love for coloringProduce creative leaders for tomorrow new ageUse as a learning and teaching tool for Presch,easter_egg_toddler_coloring.jpg
Fun Animal Coloring Book for Girls Ages 1-4,B0B33MK1PW,https://www.amazon.com/dp/B0B33MK1PW,https://www.amazon.co.uk/dp/B0B33MK1PW,https://www.amazon.ca/dp/B0B33MK1PW,https://www.amazon.com.au/dp/B0B33MK1PW,Coloring Book,1-4,"Build your Kids Creativity and ImaginationBetween the ages of 1 and 4 your child starts developing their creativity and imagination, with this book they can start seeing real world animals right in front of their eyes. They start using different colors which help stimulate their creativity.70 Amazin",fun_animal_coloring.jpg
Fun Toddler Coloring Book,B0BCDB8TWN,https://www.amazon.com/dp/B0BCDB8TWN,https://www.amazon.co.uk/dp/B0BCDB8TWN,https://www.amazon.ca/dp/B0BCDB8TWN,https://www.amazon.com.au/dp/B0BCDB8TWN,Coloring Book,1-3,This is your Childs first experience expressing their creativity.Toddlers and Preschoolers will love this book full of Thanksgiving coloring pagesStart showing creativity at an early age with a love for coloringProduce creative leaders for tomorrow new ageUse as a learning and teaching tool for Pres,toddler_coloring_2.jpg
Daily Gratitude Journal For Men,B0BKRZQ7LL,https://www.amazon.com/dp/B0BKRZQ7LL,https://www.amazon.co.uk/dp/B0BKRZQ7LL,https://www.amazon.ca/dp/B0BKRZQ7LL,https://www.amazon.com.au/dp/B0BKRZQ7LL,Journal,Adult,"Daily expressions of gratitude can improve one’s outlook on life. This beautiful gratitude Journal starts of with an inspiring bible verse designed to be a constant daily reminder to be grateful, It also provides space to record what you are thankful for on a daily basis in addition your prayers and",gratitude_men_1.jpg
Cute Bunny Coloring Book For Toddlers,B0BMZP8Z79,https://www.amazon.com/dp/B0BMZP8Z79,https://www.amazon.co.uk/dp/B0BMZP8Z79,https://www.amazon.ca/dp/B0BMZP8Z79,https://www.amazon.com.au/dp/B0BMZP8Z79,Coloring Book,1-3,This is your Childs first experience expressing their creativity.Toddlers and Preschoolers will love this book full of Cute Bunny coloring pagesStart showing creativity at an early age with a love for coloringProduce creative leaders for tomorrow new ageUse as a learning and teaching tool for Presch,cute_bunny_toddler_coloring.jpg
Spring Flowers Coloring Book For Toddlers,B0BR9CB2P7,https://www.amazon.com/dp/B0BR9CB2P7,https://www.amazon.co.uk/dp/B0BR9CB2P7,https://www.amazon.ca/dp/B0BR9CB2P7,https://www.amazon.com.au/dp/B0BR9CB2P7,Coloring Book,1-3,This is your Childs first experience expressing their creativity.Toddlers and Preschoolers will love this book full of Spring Flowers coloring pagesStart showing creativity at an early age with a love for coloringProduce creative leaders for tomorrow new ageUse as a learning and teaching tool for Pr,spring_flowers_toddler_coloring.jpg
Humming Bird Coloring Book For Toddlers,B0BW2C38WM,https://www.amazon.com/dp/B0BW2C38WM,https://www.amazon.co.uk/dp/B0BW2C38WM,https://www.amazon.ca/dp/B0BW2C38WM,https://www.amazon.com.au/dp/B0BW2C38WM,Coloring Book,1-3,This is your Childs first experience expressing their creativity.Toddlers and Preschoolers will love this book full of Humming Bird coloring pagesStart showing creativity at an early age with a love for coloringProduce creative leaders for tomorrow new ageUse as a learning and teaching tool for Pres,humming_bird_toddler_coloring.jpg
Bugs Coloring Book For Toddlers,B0CMLZLML3,https://www.amazon.com/dp/B0CMLZLML3,https://www.amazon.co.uk/dp/B0CMLZLML3,https://www.amazon.ca/dp/B0CMLZLML3,https://www.amazon.com.au/dp/B0CMLZLML3,Coloring Book,1-3,This is your Child's first experience expressing their creativity.Toddlers and Preschoolers will love this book full of Bugs coloring pagesStart showing creativity at an early age with a love for coloringProduce creative leaders for tomorrow new ageUse as a learning and teaching tool for Preschooler,bugs_toddler_coloring.jpg
Kids Recipe Book / Cookbook,B0B31ZYGBQ,https://www.amazon.com/dp/B0B31ZYGBQ,https://www.amazon.co.uk/dp/B0B31ZYGBQ,https://www.amazon.ca/dp/B0B31ZYGBQ,https://www.amazon.com.au/dp/B0B31ZYGBQ,Cookbook,2-6,Fun recipe book designed for kids,kisa_recipe_book.jpg
Fun Animal Coloring Book for Boys Ages 1-4,B0B33MK1Q2,https://www.amazon.com/dp/B0B33MK1Q2,https://www.amazon.co.uk/dp/B0B33MK1Q2,https://www.amazon.ca/dp/B0B33MK1Q2,https://www.amazon.com.au/dp/B0B33MK1Q2,Coloring Book,1-4,"Build your Kids Creativity and ImaginationBetween the ages of 1 and 4 your child starts developing their creativity and imagination, with this book they can start seeing real world animals right infront of their eyes. They start using different colors which help stimulate their creativity.70 Amazing",fun_animal_coloring_1.jpg
Cute Fox Coloring Book For Toddlers,B0BW2LXP58,https://www.amazon.com/dp/B0BW2LXP58,https://www.amazon.co.uk/dp/B0BW2LXP58,https://www.amazon.ca/dp/B0BW2LXP58,https://www.amazon.com.au/dp/B0BW2LXP58,Coloring Book,1-3,This is your Childs first experience expressing their creativity.Toddlers and Preschoolers will love this book full of Cute Fox coloring pagesStart showing creativity at an early age with a love for coloringProduce creative leaders for tomorrow new ageUse as a learning and teaching tool for Preschoo,cute_fox_toddler_coloring.jpg
Fun Toddler Coloring Book,B0BCD7Y4BT,https://www.amazon.com/dp/B0BCD7Y4BT,https://www.amazon.co.uk/dp/B0BCD7Y4BT,https://www.amazon.ca/dp/B0BCD7Y4BT,https://www.amazon.com.au/dp/B0BCD7Y4BT,Coloring Book,1-3,This is your Childs first experience expressing their creativity.Toddlers and Preschoolers will love this book full of Halloween coloring pagesStart showing creativity at an early age with a love for coloringProduce creative leaders for tomorrow new ageUse as a learning and teaching tool for Prescho,toddler_coloring_3.jpg
Fun Sealife Coloring Book for Kids Ages 1-4,B0BCDB6SFZ,https://www.amazon.com/dp/B0BCDB6SFZ,https://www.amazon.co.uk/dp/B0BCDB6SFZ,https://www.amazon.ca/dp/B0BCDB6SFZ,https://www.amazon.com.au/dp/B0BCDB6SFZ,Coloring Book,1-4,"Build your Kids Creativity and ImaginationBetween the ages of 1 and 4 your child starts developing their creativity and imagination, with this book they can start seeing real Sea animals right in-front of their eyes. They start using different colors which help stimulate their creativity.70+ Amazing",fun_sealife_kids_coloring.jpg
Cute Puppy And Dog Coloring Book For Kids,B0BMY74HVR,https://www.amazon.com/dp/B0BMY74HVR,https://www.amazon.co.uk/dp/B0BMY74HVR,https://www.amazon.ca/dp/B0BMY74HVR,https://www.amazon.com.au/dp/B0BMY74HVR,Coloring Book,1-4,"Build your Kids Creativity and ImaginationBetween the ages of 1 and 4 your child starts developing their creativity and imagination, with this book they can start seeing real world creations infront of their eyes. They start using different colors which help stimulate their creativity.70+ Amazing Pu",cute_puppy_dog_kids_coloring.jpg
Cute Farm Animals Coloring Book For Kids,B0BNGZGQW8,https://www.amazon.com/dp/B0BNGZGQW8,https://www.amazon.co.uk/dp/B0BNGZGQW8,https://www.amazon.ca/dp/B0BNGZGQW8,https://www.amazon.com.au/dp/B0BNGZGQW8,Coloring Book,1-4,"Build your Kids Creativity and ImaginationBetween the ages of 1 and 4 your child starts developing their creativity and imagination, with this book they can start seeing real world creations infront of their eyes. They start using different colors which help stimulate their creativity.70+ Amazing Fa",cute_farm_animals_kids_coloring.jpg
Easter Recipe Book For Kids,B0BTP1TXNN,https://www.amazon.com/dp/B0BTP1TXNN,https://www.amazon.co.uk/dp/B0BTP1TXNN,https://www.amazon.ca/dp/B0BTP1TXNN,https://www.amazon.com.au/dp/B0BTP1TXNN,Cookbook,2-6,"Have you ever just wanted a place to write all those personal, family recipes from Mom or Grandma? Now you can do that in one easy to find kids book. Simple book for all those kids and youngones who love cooking and would like to save their recipes for later reading. Can be personalized to reflect t",kids_recipe_book_1.jpg
Christmas Cookie Recipe Book,B0BTP1WZV7,https://www.amazon.com/dp/B0BTP1WZV7,https://www.amazon.co.uk/dp/B0BTP1WZV7,https://www.amazon.ca/dp/B0BTP1WZV7,https://www.amazon.com.au/dp/B0BTP1WZV7,Cookbook,2-6,"Have you ever just wanted a place to write all those personal, family recipes from Mom or Grandma? Now you can do that in one easy to find kids book. Simple book for all those kids and youngones who love cooking and would like to save their recipes for later reading. Can be personalized to reflect t",christmas_recipe.jpg
Fun Birds Coloring Book for Boys ages 1-4,B0B5KXB6LX,https://www.amazon.com/dp/B0B5KXB6LX,https://www.amazon.co.uk/dp/B0B5KXB6LX,https://www.amazon.ca/dp/B0B5KXB6LX,https://www.amazon.com.au/dp/B0B5KXB6LX,Coloring Book,1-4,"Build your Kids Creativity and ImaginationBetween the ages of 1 and 4 your child starts developing their creativity and imagination, with this book they can start seeing real world birds right in front of their eyes.They start using different colors which help stimulate their creativity.Over 70 Amaz",birds_coloring_1.jpg
Fun Birds Coloring Book for Girls ages 1-4,B0B5KXF822,https://www.amazon.com/dp/B0B5KXF822,https://www.amazon.co.uk/dp/B0B5KXF822,https://www.amazon.ca/dp/B0B5KXF822,https://www.amazon.com.au/dp/B0B5KXF822,Coloring Book,1-4,"Build your Kids Creativity and ImaginationBetween the ages of 1 and 4 your child starts developing their creativity and imagination, with this book they can start seeing real world birds right in front of their eyes.They start using different colors which help stimulate their creativity.Over 70 Amaz",birds_coloring_2.jpg
Cute Puppy And Dog Coloring Book for Toddlers,B0BN62H7YY,https://www.amazon.com/dp/B0BN62H7YY,https://www.amazon.co.uk/dp/B0BN62H7YY,https://www.amazon.ca/dp/B0BN62H7YY,https://www.amazon.com.au/dp/B0BN62H7YY,Coloring Book,1-3,This is your Childs first experience expressing their creativity.Toddlers and Preschoolers will love this book full of Puppy coloring pagesStart showing creativity at an early age with a love for coloringProduce creative leaders for tomorrow new ageUse as a learning and teaching tool for Preschooler,cute_puppy_dog_toddler_coloring.jpg
My Christmas Recipes From Mom,B0BQ9LM4W4,https://www.amazon.com/dp/B0BQ9LM4W4,https://www.amazon.co.uk/dp/B0BQ9LM4W4,https://www.amazon.ca/dp/B0BQ9LM4W4,https://www.amazon.com.au/dp/B0BQ9LM4W4,Cookbook,Adult,"Have you ever just wanted a place to document those personal, family recipes from Mom or Grandma?Now you can do that in one easy to find book.Simple book for all those who love cooking and would like to document their recipes for later use.Can be personalized to reflect the users taste and personal ",christmas_recipe_mom.jpg
Ladybug Coloring Book For Toddlers,B0CLRDG1H4,https://www.amazon.com/dp/B0CLRDG1H4,https://www.amazon.co.uk/dp/B0CLRDG1H4,https://www.amazon.ca/dp/B0CLRDG1H4,https://www.amazon.com.au/dp/B0CLRDG1H4,Coloring Book,1-3,This is your Childs first experience expressing their creativity.Toddlers and Preschoolers will love this book full of Ladybug coloring pagesStart showing creativity at an early age with a love for coloringProduce creative leaders for tomorrow new ageUse as a learning and teaching tool for Preschool,ladybug_toddler_coloring.jpg
Llama Coloring Book For Kids,B0CM9NPCDN,https://www.amazon.com/dp/B0CM9NPCDN,https://www.amazon.co.uk/dp/B0CM9NPCDN,https://www.amazon.ca/dp/B0CM9NPCDN,https://www.amazon.com.au/dp/B0CM9NPCDN,Coloring Book,1-4,"Build your Kids Creativity and ImaginationBetween the ages of 1 and 4 your child starts developing their creativity and imagination, with this book they can start seeing real world creations infront of their eyes. They start using different colors which help stimulate their creativity.70+ Amazing Ll",llama_kids_coloring.jpg
Dinosaur Kids Coloring Story Book,B0FCFXHCXQ,https://www.amazon.com/dp/B0FCFXHCXQ,https://www.amazon.co.uk/dp/B0FCFXHCXQ,https://www.amazon.ca/dp/B0FCFXHCXQ,https://www.amazon.com.au/dp/B0FCFXHCXQ,Coloring Book,1-4,"Build your Kids Creativity and ImaginationBetween the ages of 1 and 4 your child starts developing their creativity and imagination, with this book they can start seeing real world creations infront of their eyes. They start using different colors which help stimulate their creativity.70+ Amazing Di",dinosaur_kids_coloring_2.jpg
Easter Egg Coloring Book For Kids,B0BR9CCQM3,https://www.amazon.com/dp/B0BR9CCQM3,https://www.amazon.co.uk/dp/B0BR9CCQM3,https://www.amazon.ca/dp/B0BR9CCQM3,https://www.amazon.com.au/dp/B0BR9CCQM3,Coloring Book,1-4,"Build your Kids Creativity and ImaginationBetween the ages of 1 and 4 your child starts developing their creativity and imagination, with this book they can start seeing real world creations infront of their eyes. They start using different colors which help stimulate their creativity.70+ Amazing Ea",easter_egg_kids_coloring.jpg
Humming Bird Coloring Book For Kids,B0BW2RY3LH,https://www.amazon.com/dp/B0BW2RY3LH,https://www.amazon.co.uk/dp/B0BW2RY3LH,https://www.amazon.ca/dp/B0BW2RY3LH,https://www.amazon.com.au/dp/B0BW2RY3LH,Coloring Book,1-4,"Build your Kids Creativity and ImaginationBetween the ages of 1 and 4 your child starts developing their creativity and imagination, with this book they can start seeing real world creations in front of their eyes. They start using different colors which help stimulate their creativity.70+ Amazing H",humming_bird_kids_coloring.jpg
Sea Turtle Coloring Book For Kids,B0CJL9W1RX,https://www.amazon.com/dp/B0CJL9W1RX,https://www.amazon.co.uk/dp/B0CJL9W1RX,https://www.amazon.ca/dp/B0CJL9W1RX,https://www.amazon.com.au/dp/B0CJL9W1RX,Coloring Book,1-4,"Build your Kids Creativity and ImaginationBetween the ages of 1 and 4 your child starts developing their creativity and imagination, with this book they can start seeing real world creations infront of their eyes. They start using different colors which help stimulate their creativity.70+ Amazing Se",sea_turtle_kids_coloring.jpg
Ladybug Coloring Book For Kids,B0CLRGRJB4,https://www.amazon.com/dp/B0CLRGRJB4,https://www.amazon.co.uk/dp/B0CLRGRJB4,https://www.amazon.ca/dp/B0CLRGRJB4,https://www.amazon.com.au/dp/B0CLRGRJB4,Coloring Book,1-4,"Build your Kids Creativity and ImaginationBetween the ages of 1 and 4 your child starts developing their creativity and imagination, with this book they can start seeing real world creations infront of their eyes. They start using different colors which help stimulate their creativity.70+ Amazing La",ladybug_kids_coloring.jpg
Fun Birds Coloring Book for African American Girls ages 1-4,B0B5KKBYJY,https://www.amazon.com/dp/B0B5KKBYJY,https://www.amazon.co.uk/dp/B0B5KKBYJY,https://www.amazon.ca/dp/B0B5KKBYJY,https://www.amazon.com.au/dp/B0B5KKBYJY,Coloring Book,1-4,"Build your Kids Creativity and ImaginationBetween the ages of 1 and 4 your child starts developing their creativity and imagination, with this book they can start seeing real world birds right in front of their eyes.They start using different colors which help stimulate their creativity.Over 70 Amaz",birds_coloring_3.jpg
Fun Birds Coloring Book for Boys ages 1-4,B0B5KVJLJV,https://www.amazon.com/dp/B0B5KVJLJV,https://www.amazon.co.uk/dp/B0B5KVJLJV,https://www.amazon.ca/dp/B0B5KVJLJV,https://www.amazon.com.au/dp/B0B5KVJLJV,Coloring Book,1-4,"Build your Kids Creativity and ImaginationBetween the ages of 1 and 4 your child starts developing their creativity and imagination, with this book they can start seeing real world birds right in front of their eyes.They start using different colors which help stimulate their creativity.Over 70 Amaz",birds_coloring_4.jpg
Fun Halloween Coloring Book for Kids Ages 1-4,B0BCNGJR5B,https://www.amazon.com/dp/B0BCNGJR5B,https://www.amazon.co.uk/dp/B0BCNGJR5B,https://www.amazon.ca/dp/B0BCNGJR5B,https://www.amazon.com.au/dp/B0BCNGJR5B,Coloring Book,1-4,"Build your Kids Creativity and ImaginationBetween the ages of 1 and 4 your child starts developing their creativity and imagination, with this book they can start seeing real creations of their eyes. They start using different colors which help stimulate their creativity.70+ Amazing Spooky Halloween",fun_halloween_kids_coloring.jpg
First ABC Kids Coloring Book,B0BJD6G5JF,https://www.amazon.com/dp/B0BJD6G5JF,https://www.amazon.co.uk/dp/B0BJD6G5JF,https://www.amazon.ca/dp/B0BJD6G5JF,https://www.amazon.com.au/dp/B0BJD6G5JF,Coloring Book,1-4,"Build your Kids Creativity and ImaginationBetween the ages of 1 and 4 your child starts developing their creativity and imagination, with this book they can start seeing real world creations infront of their eyes. They start using different colors which help stimulate their creativity.70+ Amazing AB",first_abc_kids_coloring_1.jpg
Cute Kitty Coloring Book For Kids,B0BMZBGHGL,https://www.amazon.com/dp/B0BMZBGHGL,https://www.amazon.co.uk/dp/B0BMZBGHGL,https://www.amazon.ca/dp/B0BMZBGHGL,https://www.amazon.com.au/dp/B0BMZBGHGL,Coloring Book,1-4,"Build your Kids Creativity and ImaginationBetween the ages of 1 and 4 your child starts developing their creativity and imagination, with this book they can start seeing real world creations infront of their eyes. They start using different colors which help stimulate their creativity.70+ Amazing Ki",cute_kitty_kids_coloring_1.jpg
My Christmas Recipes From Grandma,B0BQ59CRTK,https://www.amazon.com/dp/B0BQ59CRTK,https://www.amazon.co.uk/dp/B0BQ59CRTK,https://www.amazon.ca/dp/B0BQ59CRTK,https://www.amazon.com.au/dp/B0BQ59CRTK,Cookbook,Adult,"Have you ever just wanted a place to document those personal, family recipes from Mom or Grandma?Now you can do that in one easy to find book.Simple book for all those who love cooking and would like to document their recipes for later use.Can be personalized to reflect the users taste and personal ",christmas_recipe_grandma.jpg
Fun Fall Coloring Book For Toddlers,B0BR9DMDPL,https://www.amazon.com/dp/B0BR9DMDPL,https://www.amazon.co.uk/dp/B0BR9DMDPL,https://www.amazon.ca/dp/B0BR9DMDPL,https://www.amazon.com.au/dp/B0BR9DMDPL,Coloring Book,1-3,This is your Childs first experience expressing their creativity.Toddlers and Preschoolers will love this book full of Fun Fall coloring pagesStart showing creativity at an early age with a love for coloringProduce creative leaders for tomorrow new ageUse as a learning and teaching tool for Preschoo,fun_fall_toddler_coloring.jpg
Butterfly Coloring Book For Kids,B0BW23BTKW,https://www.amazon.com/dp/B0BW23BTKW,https://www.amazon.co.uk/dp/B0BW23BTKW,https://www.amazon.ca/dp/B0BW23BTKW,https://www.amazon.com.au/dp/B0BW23BTKW,Coloring Book,1-4,"Build your Kids Creativity and ImaginationBetween the ages of 1 and 4 your child starts developing their creativity and imagination, with this book they can start seeing real world creations in front of their eyes. They start using different colors which help stimulate their creativity.70+ Amazing B",butterfly_kids_coloring.jpg
Music Composition Notebook,B0CJLLNBP7,https://www.amazon.com/dp/B0CJLLNBP7,https://www.amazon.co.uk/dp/B0CJLLNBP7,https://www.amazon.ca/dp/B0CJLLNBP7,https://www.amazon.com.au/dp/B0CJLLNBP7,Journal,Adult,"Document your musical musings with this notebook.Each book is 8.5"" x 11"" and features 12 staves of printed music paper format on each sheet.110 pages of blank music manuscript on thick white paper",music_composition.jpg
Sea Turtle Coloring Book For Kids,B0CJSG2H1Q,https://www.amazon.com/dp/B0CJSG2H1Q,https://www.amazon.co.uk/dp/B0CJSG2H1Q,https://www.amazon.ca/dp/B0CJSG2H1Q,https://www.amazon.com.au/dp/B0CJSG2H1Q,Coloring Book,1-4,"Build your Kids Creativity and ImaginationBetween the ages of 1 and 4 your child starts developing their creativity and imagination, with this book they can start seeing real world creations infront of their eyes. They start using different colors which help stimulate their creativity.70+ Amazing Se",sea_turtle_kids_coloring_1.jpg
Fish Coloring Book For Toddlers,B0CJSTWT17,https://www.amazon.com/dp/B0CJSTWT17,https://www.amazon.co.uk/dp/B0CJSTWT17,https://www.amazon.ca/dp/B0CJSTWT17,https://www.amazon.com.au/dp/B0CJSTWT17,Coloring Book,1-3,This is your Childs first experience expressing their creativity.Toddlers and Preschoolers will love this book full of Funny Fish coloring pagesStart showing creativity at an early age with a love for coloringProduce creative leaders for tomorrow new ageUse as a learning and teaching tool for Presch,fish_toddler_coloring.jpg
Fish Coloring Book For Kids,B0CJXK75JH,https://www.amazon.com/dp/B0CJXK75JH,https://www.amazon.co.uk/dp/B0CJXK75JH,https://www.amazon.ca/dp/B0CJXK75JH,https://www.amazon.com.au/dp/B0CJXK75JH,Coloring Book,1-4,"Build your Kids Creativity and ImaginationBetween the ages of 1 and 4 your child starts developing their creativity and imagination, with this book they can start seeing real world creations infront of their eyes. They start using different colors which help stimulate their creativity.70+ Amazing Fu",fish_kids_coloring.jpg
